Year,Rate
2000,5.931404959
2001,3.995835616
2002,3.050712329
2003,3.056575342
2004,2.563606557
2005,3.058054795
2006,4.160684932
2007,4.332383562
2008,2.695191257
2009,0.649917808
2010,1.057178082
2011,1.176246575
2012,1.083169399
2013,1.060164384
2014,0.985808219
2015,0.576712329
2016,0.541448087
2017,0.959260274
2018,1.817260274
2019,1.732383562
2020,0.545163934
2021,0.324931507
2022,2.940986301
2023,4.88939726
2024,4.656320755
