Year,Rate
2000,5.930384615
2001,3.991538462
2002,3.045185185
2003,3.048461538
2004,2.566538462
2005,3.088076923
2006,4.166153846
2007,4.33
2008,2.646538462
2009,0.645384615
2010,1.064230769
2011,1.173076923
2012,1.084230769
2013,1.057407407
2014,0.986153846
2015,0.560769231
2016,0.545384615
2017,0.979230769
2018,1.826153846
2019,1.728846154
2020,0.427857143
2021,0.330384615
2022,2.966923077
2023,4.891153846
2024,4.624375
